metric,mean_IC,std_IC,t_stat,ICIR,hit_rate,n_obs
IC_1D,-0.02512,0.26425,-2.62,-0.095,0.492,760
RankIC_1D,-0.02979,0.25863,-3.176,-0.115,0.466,760
IC_5D,-0.01515,0.27681,-1.509,-0.055,0.482,760
RankIC_5D,-0.02026,0.27323,-2.045,-0.074,0.462,760
IC_10D,-0.0227,0.28402,-2.204,-0.08,0.464,760
RankIC_10D,-0.02621,0.27937,-2.587,-0.094,0.463,760
IC_21D,-0.0192,0.27438,-1.93,-0.07,0.478,760
RankIC_21D,-0.02728,0.27231,-2.762,-0.1,0.457,760
